{
  "baseline": {
    "per_channel_db": [
      3.9773294290755183,
      4.863418319567899,
      3.4855120674114977,
      3.7449751197034247
    ],
    "average_db": 4.017808733939585
  },
  "yours": {
    "per_channel_db": [
      9.41058597289788,
      7.1457326317366965,
      8.631013895899331,
      7.2916666998582915
    ],
    "average_db": 8.119749800098049
  }
}